timestamp,open,high,low,close,volume
2023-01-02T00:00:00,2000.0,2002.98,1997.0,2002.58,1921.15
2023-01-02T00:15:00,2002.58,2005.9,2002.4,2004.75,855.79
2023-01-02T00:30:00,2004.75,2010.0,2002.73,2009.28,4421.88
2023-01-02T00:45:00,2009.28,2009.63,2000.42,2006.95,1689.08
2023-01-02T01:00:00,2006.95,2012.32,2006.22,2009.02,2821.86
2023-01-02T01:15:00,2009.02,2009.34,2005.16,2005.46,1306.95
2023-01-02T01:30:00,2005.46,2007.75,1999.2,2000.97,1646.26
2023-01-02T01:45:00,2000.97,2002.96,1992.29,1994.11,3765.0
2023-01-02T02:00:00,1994.11,1994.9,1987.74,1990.53,3239.85
2023-01-02T02:15:00,1990.53,1996.43,1988.7,1994.83,2545.25
2023-01-02T02:30:00,1994.83,1997.94,1989.22,1992.25,2102.48
2023-01-02T02:45:00,1992.25,1995.18,1982.9,1983.16,3047.96
2023-01-02T03:00:00,1983.16,1985.02,1968.32,1970.84,3163.44
2023-01-02T03:15:00,1970.84,1972.13,1970.65,1971.74,3580.61
2023-01-02T03:30:00,1971.74,1978.26,1971.39,1974.51,2261.22
2023-01-02T03:45:00,1974.51,1980.51,1969.36,1971.29,2271.3
2023-01-02T04:00:00,1971.29,1981.17,1969.92,1980.0,1504.41
2023-01-02T04:15:00,1980.0,1987.55,1979.98,1986.07,2259.54
2023-01-02T04:30:00,1986.07,1996.25,1982.2,1991.07,3070.63
2023-01-02T04:45:00,1991.07,1996.55,1983.52,1989.67,3721.96
2023-01-02T05:00:00,1989.67,1994.81,1989.48,1992.91,768.74
2023-01-02T05:15:00,1992.91,1996.0,1992.91,1995.79,1085.65
2023-01-02T05:30:00,1995.79,2000.78,1994.24,1998.59,1068.6
2023-01-02T05:45:00,1998.59,2003.46,1995.19,2002.96,4185.48
2023-01-02T06:00:00,2002.96,2004.49,2002.02,2004.21,1496.22
2023-01-02T06:15:00,2004.21,2006.49,2000.64,2001.91,1036.36
2023-01-02T06:30:00,2001.91,2006.38,1997.77,2001.72,2974.3
2023-01-02T06:45:00,2001.72,2008.14,2000.19,2005.92,3184.91
2023-01-02T07:00:00,2005.92,2014.08,2001.22,2008.64,3206.84
2023-01-02T07:15:00,2008.64,2010.21,2001.42,2002.5,596.33
2023-01-02T07:30:00,2002.5,2005.36,1999.49,2003.18,1982.95
2023-01-02T07:45:00,2003.18,2005.96,1995.57,1997.25,1450.88
2023-01-02T08:00:00,1997.25,2005.74,1992.45,2000.6,2451.39
2023-01-02T08:15:00,2000.6,2002.56,1990.5,1993.2,3685.6
2023-01-02T08:30:00,1993.2,1995.84,1986.59,1987.7,3661.67
2023-01-02T08:45:00,1987.7,1991.88,1983.73,1986.93,1171.22
2023-01-02T09:00:00,1986.93,1994.41,1985.95,1989.0,3680.38
2023-01-02T09:15:00,1989.0,1991.31,1987.65,1988.21,556.87
2023-01-02T09:30:00,1988.21,1993.11,1984.69,1986.97,4087.27
2023-01-02T09:45:00,1986.97,1988.06,1983.14,1984.03,2846.79
2023-01-02T10:00:00,1984.03,1991.91,1982.96,1989.15,2277.81
2023-01-02T10:15:00,1989.15,1993.55,1981.21,1983.62,2726.82
2023-01-02T10:30:00,1983.62,1984.48,1983.56,1983.58,3747.78
2023-01-02T10:45:00,1983.58,1991.98,1981.61,1988.62,2560.09
2023-01-02T11:00:00,1988.62,1990.38,1984.84,1985.62,1656.75
2023-01-02T11:15:00,1985.62,1989.68,1974.93,1979.8,2296.59
2023-01-02T11:30:00,1979.8,1983.3,1973.79,1976.07,2648.07
2023-01-02T11:45:00,1976.07,1983.92,1969.74,1978.03,1678.17
2023-01-02T12:00:00,1978.03,1979.14,1971.84,1972.83,2672.09
2023-01-02T12:15:00,1972.83,1977.16,1970.16,1974.88,4812.7
2023-01-02T12:30:00,1974.88,1983.64,1968.88,1982.67,5089.41
2023-01-02T12:45:00,1982.67,1999.16,1977.57,1996.66,4347.34
2023-01-02T13:00:00,1996.66,2003.78,1995.54,2001.84,1938.0
2023-01-02T13:15:00,2001.84,2004.38,2000.76,2000.86,1951.02
2023-01-02T13:30:00,2000.86,2003.87,1994.0,1996.41,4702.9
2023-01-02T13:45:00,1996.41,2001.27,1995.63,1999.05,1049.0
2023-01-02T14:00:00,1999.05,2006.92,1997.93,2004.99,4662.55
2023-01-02T14:15:00,2004.99,2005.18,1998.9,2001.24,2456.72
2023-01-02T14:30:00,2001.24,2013.31,2000.65,2007.72,4713.15
2023-01-02T14:45:00,2007.72,2015.05,2004.34,2012.98,5219.91
2023-01-02T15:00:00,2012.98,2017.84,2012.28,2016.31,1297.33
2023-01-02T15:15:00,2016.31,2019.17,2012.56,2017.67,1900.15
2023-01-02T15:30:00,2017.67,2017.83,2016.4,2017.74,572.46
2023-01-02T15:45:00,2017.74,2019.63,2006.83,2010.55,986.74
2023-01-02T16:00:00,2010.55,2015.21,2003.03,2005.23,2760.67
2023-01-02T16:15:00,2005.23,2009.14,1987.32,1990.64,3332.81
2023-01-02T16:30:00,1990.64,1993.98,1990.43,1993.59,3747.21
2023-01-02T16:45:00,1993.59,1999.45,1990.89,1996.85,3349.4
2023-01-02T17:00:00,1996.85,2002.57,1996.2,2000.7,2337.91
2023-01-02T17:15:00,2000.7,2017.57,1998.9,2013.54,4364.91
2023-01-02T17:30:00,2013.54,2018.84,2012.37,2017.91,2458.24
2023-01-02T17:45:00,2017.91,2024.03,2017.69,2023.39,2015.21
2023-01-02T18:00:00,2023.39,2024.59,2021.2,2023.72,2448.83
2023-01-02T18:15:00,2023.72,2028.55,2015.04,2017.18,1664.46
2023-01-02T18:30:00,2017.18,2020.66,2016.78,2017.02,3428.45
2023-01-02T18:45:00,2017.02,2021.52,2012.36,2013.14,2366.65
2023-01-02T19:00:00,2013.14,2018.46,2009.2,2012.96,4003.24
2023-01-02T19:15:00,2012.96,2013.07,2005.77,2006.24,1890.11
2023-01-02T19:30:00,2006.24,2015.54,2002.91,2012.2,3233.58
2023-01-02T19:45:00,2012.2,2017.06,2009.0,2012.31,2584.35
2023-01-02T20:00:00,2012.31,2013.79,2010.47,2010.91,1504.06
2023-01-02T20:15:00,2010.91,2016.49,2005.08,2007.9,1902.76
2023-01-02T20:30:00,2007.9,2012.73,2003.97,2008.95,798.14
2023-01-02T20:45:00,2008.95,2013.71,2005.62,2011.93,546.86
2023-01-02T21:00:00,2011.93,2017.17,2008.23,2013.38,1580.29
2023-01-02T21:15:00,2013.38,2013.93,2008.83,2012.92,1249.62
2023-01-02T21:30:00,2012.92,2014.2,2008.97,2011.26,4662.99
2023-01-02T21:45:00,2011.26,2016.23,2010.47,2012.66,2961.75
2023-01-02T22:00:00,2012.66,2018.73,2006.41,2017.72,2622.89
2023-01-02T22:15:00,2017.72,2021.2,2010.51,2012.4,604.5
2023-01-02T22:30:00,2012.4,2014.15,2011.69,2012.62,1957.01
2023-01-02T22:45:00,2012.62,2023.89,2010.41,2021.91,1001.3
2023-01-02T23:00:00,2021.91,2024.11,2015.36,2018.18,2181.37
2023-01-02T23:15:00,2018.18,2020.22,2016.88,2018.2,709.97
2023-01-02T23:30:00,2018.2,2028.81,2017.09,2024.66,1688.77
2023-01-02T23:45:00,2024.66,2029.3,2020.21,2024.49,4059.21
2023-01-03T00:00:00,2024.49,2028.99,2009.43,2015.33,722.57
2023-01-03T00:15:00,2015.33,2019.77,2007.46,2009.44,713.69
2023-01-03T00:30:00,2009.44,2011.22,2006.74,2008.28,3644.54
2023-01-03T00:45:00,2008.28,2010.11,2004.37,2007.77,2153.72
2023-01-03T01:00:00,2007.77,2013.77,2005.97,2010.49,1396.79
2023-01-03T01:15:00,2010.49,2011.29,1998.19,1999.3,936.12
2023-01-03T01:30:00,1999.3,2002.64,1996.84,2001.53,4640.82
2023-01-03T01:45:00,2001.53,2004.24,1993.83,1995.78,2030.32
2023-01-03T02:00:00,1995.78,1998.61,1991.68,1997.58,3300.23
2023-01-03T02:15:00,1997.58,1998.62,1993.14,1994.81,2432.73
2023-01-03T02:30:00,1994.81,1994.98,1991.49,1991.74,3750.93
2023-01-03T02:45:00,1991.74,1991.75,1985.56,1987.96,4697.21
2023-01-03T03:00:00,1987.96,1989.99,1977.44,1978.33,1191.33
2023-01-03T03:15:00,1978.33,1984.23,1971.96,1977.24,4005.42
2023-01-03T03:30:00,1977.24,1981.67,1976.53,1979.27,4733.53
2023-01-03T03:45:00,1979.27,1980.15,1973.42,1975.64,3637.19
2023-01-03T04:00:00,1975.64,1980.3,1973.49,1977.09,1475.56
2023-01-03T04:15:00,1977.09,1979.02,1972.73,1976.75,3227.8
2023-01-03T04:30:00,1976.75,1977.69,1969.3,1972.95,3449.63
2023-01-03T04:45:00,1972.95,1977.42,1970.85,1974.05,1544.22
2023-01-03T05:00:00,1974.05,1974.18,1962.96,1964.2,2219.31
2023-01-03T05:15:00,1964.2,1968.88,1958.18,1961.37,1315.26
2023-01-03T05:30:00,1961.37,1962.84,1959.3,1960.72,3496.57
2023-01-03T05:45:00,1960.72,1972.98,1959.66,1972.09,2117.7
2023-01-03T06:00:00,1972.09,1973.33,1961.31,1961.98,4349.15
2023-01-03T06:15:00,1961.98,1964.34,1959.62,1963.31,3889.69
2023-01-03T06:30:00,1963.31,1965.47,1946.42,1947.64,3997.92
2023-01-03T06:45:00,1947.64,1949.58,1944.74,1946.66,1701.98
2023-01-03T07:00:00,1946.66,1948.25,1943.47,1947.08,934.65
2023-01-03T07:15:00,1947.08,1950.05,1943.61,1946.58,1999.81
2023-01-03T07:30:00,1946.58,1951.64,1945.86,1948.2,1783.88
2023-01-03T07:45:00,1948.2,1951.29,1944.81,1947.72,639.14
2023-01-03T08:00:00,1947.72,1949.66,1943.41,1948.18,3497.88
2023-01-03T08:15:00,1948.18,1954.58,1946.66,1951.0,2837.09
2023-01-03T08:30:00,1951.0,1955.46,1949.21,1953.99,2514.74
2023-01-03T08:45:00,1953.99,1955.3,1951.18,1953.83,3445.5
2023-01-03T09:00:00,1953.83,1957.52,1950.62,1955.82,1057.29
2023-01-03T09:15:00,1955.82,1959.56,1947.33,1950.27,1483.08
2023-01-03T09:30:00,1950.27,1953.84,1949.37,1953.48,2709.04
2023-01-03T09:45:00,1953.48,1955.91,1952.88,1954.89,3288.56
2023-01-03T10:00:00,1954.89,1955.16,1946.21,1946.52,2247.42
2023-01-03T10:15:00,1946.52,1947.79,1940.41,1942.29,2798.16
2023-01-03T10:30:00,1942.29,1942.86,1930.74,1934.67,1471.07
2023-01-03T10:45:00,1934.67,1935.66,1932.01,1933.24,1314.34
2023-01-03T11:00:00,1933.24,1941.89,1931.47,1940.44,3895.35
2023-01-03T11:15:00,1940.44,1943.96,1935.1,1940.45,847.12
2023-01-03T11:30:00,1940.45,1947.49,1940.2,1941.92,1599.51
2023-01-03T11:45:00,1941.92,1947.84,1935.83,1944.03,1862.23
2023-01-03T12:00:00,1944.03,1946.63,1937.43,1940.59,882.82
2023-01-03T12:15:00,1940.59,1941.77,1936.76,1937.21,1251.4
2023-01-03T12:30:00,1937.21,1944.22,1937.15,1943.21,1668.85
2023-01-03T12:45:00,1943.21,1943.9,1938.2,1940.92,2403.73
2023-01-03T13:00:00,1940.92,1943.83,1938.57,1941.81,809.34
2023-01-03T13:15:00,1941.81,1948.43,1940.66,1947.37,3723.12
2023-01-03T13:30:00,1947.37,1953.77,1944.38,1952.33,3802.7
2023-01-03T13:45:00,1952.33,1955.44,1952.3,1954.45,3422.21
2023-01-03T14:00:00,1954.45,1961.72,1952.65,1958.27,1073.99
2023-01-03T14:15:00,1958.27,1963.55,1957.82,1958.93,2764.67
2023-01-03T14:30:00,1958.93,1963.68,1957.44,1962.87,3848.74
2023-01-03T14:45:00,1962.87,1971.85,1961.72,1966.25,958.13
2023-01-03T15:00:00,1966.25,1966.53,1956.51,1961.33,2170.73
2023-01-03T15:15:00,1961.33,1962.45,1951.76,1957.28,1460.38
2023-01-03T15:30:00,1957.28,1964.73,1955.69,1963.4,2289.02
2023-01-03T15:45:00,1963.4,1964.24,1960.46,1962.92,4487.13
2023-01-03T16:00:00,1962.92,1965.12,1957.13,1964.85,1027.08
2023-01-03T16:15:00,1964.85,1966.74,1958.34,1960.93,3095.69
2023-01-03T16:30:00,1960.93,1967.0,1960.81,1964.71,3288.76
2023-01-03T16:45:00,1964.71,1970.45,1961.56,1965.09,1294.97
2023-01-03T17:00:00,1965.09,1967.08,1964.79,1965.64,2407.87
2023-01-03T17:15:00,1965.64,1966.16,1961.35,1965.67,3761.99
2023-01-03T17:30:00,1965.67,1967.58,1960.89,1965.68,1055.64
2023-01-03T17:45:00,1965.68,1971.17,1950.26,1951.56,4867.07
2023-01-03T18:00:00,1951.56,1953.89,1944.81,1952.47,5116.5
2023-01-03T18:15:00,1952.47,1956.01,1945.76,1954.83,1842.42
2023-01-03T18:30:00,1954.83,1960.16,1950.8,1952.01,1745.46
2023-01-03T18:45:00,1952.01,1952.57,1951.46,1951.96,4875.96
2023-01-03T19:00:00,1951.96,1954.91,1940.84,1941.27,2950.57
2023-01-03T19:15:00,1941.27,1945.45,1933.14,1937.51,4486.95
2023-01-03T19:30:00,1937.51,1952.04,1932.04,1949.34,1827.66
2023-01-03T19:45:00,1949.34,1953.37,1946.67,1949.0,1388.82
2023-01-03T20:00:00,1949.0,1950.99,1942.26,1947.27,5297.61
2023-01-03T20:15:00,1947.27,1947.28,1942.74,1942.9,1229.95
2023-01-03T20:30:00,1942.9,1948.19,1938.14,1938.92,1591.19
2023-01-03T20:45:00,1938.92,1939.92,1937.78,1938.08,2163.16
2023-01-03T21:00:00,1938.08,1946.6,1934.36,1945.38,2646.42
2023-01-03T21:15:00,1945.38,1956.08,1944.98,1955.45,3461.07
2023-01-03T21:30:00,1955.45,1956.81,1948.35,1948.41,3499.49
2023-01-03T21:45:00,1948.41,1951.25,1940.57,1946.57,3864.56
2023-01-03T22:00:00,1946.57,1959.97,1945.37,1958.41,1556.95
2023-01-03T22:15:00,1958.41,1963.63,1955.7,1962.05,1153.73
2023-01-03T22:30:00,1962.05,1972.86,1957.55,1969.31,1281.47
2023-01-03T22:45:00,1969.31,1976.26,1967.01,1973.65,3611.2
2023-01-03T23:00:00,1973.65,1977.5,1968.38,1974.2,2590.52
2023-01-03T23:15:00,1974.2,1977.06,1972.84,1976.9,3858.35
2023-01-03T23:30:00,1976.9,1978.65,1963.51,1967.15,2414.4
2023-01-03T23:45:00,1967.15,1969.73,1957.2,1961.08,1425.72
2023-01-04T00:00:00,1961.08,1961.99,1957.73,1960.6,4409.18
2023-01-04T00:15:00,1960.6,1962.83,1954.73,1956.36,4141.18
2023-01-04T00:30:00,1956.36,1961.97,1948.27,1950.96,3877.96
2023-01-04T00:45:00,1950.96,1954.23,1939.52,1942.1,1715.62
2023-01-04T01:00:00,1942.1,1951.03,1941.71,1948.57,603.4
2023-01-04T01:15:00,1948.57,1956.49,1948.45,1955.89,671.74
2023-01-04T01:30:00,1955.89,1960.23,1949.1,1949.49,2878.27
2023-01-04T01:45:00,1949.49,1962.41,1949.06,1956.57,4040.5
2023-01-04T02:00:00,1956.57,1957.25,1949.64,1950.01,652.95
2023-01-04T02:15:00,1950.01,1955.06,1938.22,1942.09,1772.81
2023-01-04T02:30:00,1942.09,1944.97,1939.99,1943.63,2326.16
2023-01-04T02:45:00,1943.63,1947.18,1942.14,1944.29,1861.77
2023-01-04T03:00:00,1944.29,1948.62,1942.84,1943.06,2262.2
2023-01-04T03:15:00,1943.06,1950.0,1940.61,1946.8,1457.27
2023-01-04T03:30:00,1946.8,1947.97,1945.19,1945.2,1367.61
2023-01-04T03:45:00,1945.2,1946.46,1930.14,1931.4,3821.48
2023-01-04T04:00:00,1931.4,1940.27,1930.31,1936.81,4339.21
2023-01-04T04:15:00,1936.81,1943.06,1936.18,1940.2,3011.88
2023-01-04T04:30:00,1940.2,1949.32,1936.46,1944.63,1962.39
2023-01-04T04:45:00,1944.63,1948.24,1938.52,1947.65,602.36
2023-01-04T05:00:00,1947.65,1954.78,1945.09,1951.4,3989.8
2023-01-04T05:15:00,1951.4,1960.34,1947.78,1956.71,2974.82
2023-01-04T05:30:00,1956.71,1962.69,1954.72,1960.16,3280.09
2023-01-04T05:45:00,1960.16,1967.83,1959.44,1964.52,2194.81
2023-01-04T06:00:00,1964.52,1965.44,1960.34,1962.49,3535.18
2023-01-04T06:15:00,1962.49,1965.73,1960.81,1964.69,1063.69
2023-01-04T06:30:00,1964.69,1971.7,1964.06,1967.2,3781.04
2023-01-04T06:45:00,1967.2,1974.7,1962.66,1969.78,1976.56
2023-01-04T07:00:00,1969.78,1975.92,1968.81,1975.4,612.79
2023-01-04T07:15:00,1975.4,1982.66,1972.13,1980.07,2127.14
2023-01-04T07:30:00,1980.07,1987.68,1976.5,1984.77,2008.03
2023-01-04T07:45:00,1984.77,1985.74,1978.41,1981.46,3755.25
2023-01-04T08:00:00,1981.46,1985.55,1970.89,1974.75,2131.07
2023-01-04T08:15:00,1974.75,1981.6,1972.71,1980.51,3013.35
2023-01-04T08:30:00,1980.51,1982.31,1975.81,1978.26,1914.2
2023-01-04T08:45:00,1978.26,1980.2,1967.17,1969.47,1861.4
2023-01-04T09:00:00,1969.47,1972.06,1969.01,1970.51,3867.66
2023-01-04T09:15:00,1970.51,1972.35,1966.55,1968.28,3598.63
2023-01-04T09:30:00,1968.28,1972.05,1964.85,1967.81,4684.83
2023-01-04T09:45:00,1967.81,1979.3,1967.23,1975.71,4729.19
2023-01-04T10:00:00,1975.71,1978.81,1975.66,1977.21,2245.54
2023-01-04T10:15:00,1977.21,1982.41,1976.21,1981.23,3656.24
2023-01-04T10:30:00,1981.23,1984.28,1977.46,1978.95,1406.34
2023-01-04T10:45:00,1978.95,1990.18,1975.68,1985.76,2920.08
2023-01-04T11:00:00,1985.76,2001.96,1982.12,1999.12,3921.28
2023-01-04T11:15:00,1999.12,2000.76,1994.6,2000.08,1969.52
2023-01-04T11:30:00,2000.08,2001.2,1995.07,1996.96,1251.4
2023-01-04T11:45:00,1996.96,1998.21,1995.71,1997.2,2524.05
2023-01-04T12:00:00,1997.2,2002.85,1991.44,2000.6,4157.74
2023-01-04T12:15:00,2000.6,2010.59,1999.49,2004.39,4235.3
2023-01-04T12:30:00,2004.39,2007.05,2001.95,2003.78,1589.56
2023-01-04T12:45:00,2003.78,2008.66,2002.43,2005.63,1148.48
2023-01-04T13:00:00,2005.63,2008.88,1998.01,2000.23,3905.83
2023-01-04T13:15:00,2000.23,2006.11,1988.91,1990.3,3511.72
2023-01-04T13:30:00,1990.3,1994.94,1985.71,1988.63,1690.78
2023-01-04T13:45:00,1988.63,1992.0,1986.11,1991.69,1130.44
2023-01-04T14:00:00,1991.69,1997.04,1991.65,1992.14,4187.14
2023-01-04T14:15:00,1992.14,1999.06,1989.73,1993.66,2354.29
2023-01-04T14:30:00,1993.66,1997.54,1993.07,1993.24,3127.1
2023-01-04T14:45:00,1993.24,1997.59,1979.82,1982.08,2574.68
2023-01-04T15:00:00,1982.08,1986.01,1979.26,1981.38,4080.53
2023-01-04T15:15:00,1981.38,1989.79,1980.29,1985.79,2282.65
2023-01-04T15:30:00,1985.79,1990.93,1980.17,1988.94,2163.77
2023-01-04T15:45:00,1988.94,1993.91,1985.61,1988.95,3723.93
2023-01-04T16:00:00,1988.95,1995.13,1986.45,1992.82,3612.37
2023-01-04T16:15:00,1992.82,1998.87,1992.46,1994.98,1742.82
2023-01-04T16:30:00,1994.98,1999.58,1990.24,1995.2,3704.34
2023-01-04T16:45:00,1995.2,1998.78,1987.55,1991.53,2943.87
2023-01-04T17:00:00,1991.53,1994.18,1984.11,1988.52,903.79
2023-01-04T17:15:00,1988.52,1995.42,1984.51,1989.83,1925.29
2023-01-04T17:30:00,1989.83,1991.13,1980.9,1982.43,2112.18
2023-01-04T17:45:00,1982.43,1991.93,1982.14,1987.0,2617.44
2023-01-04T18:00:00,1987.0,1991.08,1981.55,1987.67,2129.13
2023-01-04T18:15:00,1987.67,1992.84,1982.79,1988.17,2243.56
2023-01-04T18:30:00,1988.17,1990.44,1987.4,1989.36,555.54
2023-01-04T18:45:00,1989.36,1992.49,1989.1,1989.67,3780.45
2023-01-04T19:00:00,1989.67,1991.75,1985.6,1990.4,1185.9
2023-01-04T19:15:00,1990.4,1998.13,1986.11,1993.1,828.33
2023-01-04T19:30:00,1993.1,1997.47,1986.45,1987.64,4283.53
2023-01-04T19:45:00,1987.64,1989.23,1985.06,1987.05,803.12
2023-01-04T20:00:00,1987.05,1996.77,1985.55,1994.11,723.31
2023-01-04T20:15:00,1994.11,2001.65,1993.48,1998.7,3468.74
2023-01-04T20:30:00,1998.7,2006.07,1996.67,2003.87,3429.05
2023-01-04T20:45:00,2003.87,2005.41,2000.69,2001.02,4353.51
2023-01-04T21:00:00,2001.02,2003.46,1988.48,1992.42,3719.32
2023-01-04T21:15:00,1992.42,1996.34,1988.44,1990.1,3112.83
2023-01-04T21:30:00,1990.1,1991.97,1983.78,1983.79,1567.93
2023-01-04T21:45:00,1983.79,1993.0,1983.51,1987.06,3917.11
2023-01-04T22:00:00,1987.06,1988.54,1973.24,1977.82,3764.67
2023-01-04T22:15:00,1977.82,1978.18,1965.53,1967.86,3702.71
2023-01-04T22:30:00,1967.86,1977.26,1963.67,1975.64,3160.58
2023-01-04T22:45:00,1975.64,1979.16,1972.79,1976.46,2275.31
2023-01-04T23:00:00,1976.46,1982.79,1972.78,1981.31,4122.08
2023-01-04T23:15:00,1981.31,1984.17,1976.51,1977.43,1272.31
2023-01-04T23:30:00,1977.43,1986.79,1975.74,1984.42,2541.03
2023-01-04T23:45:00,1984.42,1988.34,1983.66,1985.68,2923.39
2023-01-05T00:00:00,1985.68,1987.43,1980.55,1983.18,576.43
2023-01-05T00:15:00,1983.18,1990.77,1978.72,1986.96,1713.2
2023-01-05T00:30:00,1986.96,1993.16,1974.65,1981.27,4835.91
2023-01-05T00:45:00,1981.27,1983.57,1980.96,1982.89,722.51
2023-01-05T01:00:00,1982.89,1988.08,1973.92,1978.91,796.47
2023-01-05T01:15:00,1978.91,1982.26,1974.86,1975.75,3068.3
2023-01-05T01:30:00,1975.75,1978.41,1961.66,1964.69,1247.15
2023-01-05T01:45:00,1964.69,1964.88,1959.19,1960.42,2407.09
2023-01-05T02:00:00,1960.42,1960.85,1944.99,1952.12,4426.42
2023-01-05T02:15:00,1952.12,1952.68,1933.45,1936.33,5792.83
2023-01-05T02:30:00,1936.33,1941.82,1930.72,1931.48,2273.45
2023-01-05T02:45:00,1931.48,1935.99,1929.98,1934.93,1259.87
